Produit (nom dossier),Slug,Type,Fichier source,Fichier destination,URL relative (pour site)
AirPod Pro,airpod-pro,image,C:\Users\Elvis SPH\Desktop\GF\AirPod Pro\Images\image_airpod_1.jpg,C:\Users\Elvis SPH\Desktop\gf-store\assets\img\airpod-pro\image_airpod_1.jpg,assets/img/airpod-pro/image_airpod_1.jpg
AirPod Pro,airpod-pro,image,C:\Users\Elvis SPH\Desktop\GF\AirPod Pro\Images\image_airpod_2.jpg,C:\Users\Elvis SPH\Desktop\gf-store\assets\img\airpod-pro\image_airpod_2.jpg,assets/img/airpod-pro/image_airpod_2.jpg
AirPod Pro,airpod-pro,image,C:\Users\Elvis SPH\Desktop\GF\AirPod Pro\Images\image_airpod_3.jpg,C:\Users\Elvis SPH\Desktop\gf-store\assets\img\airpod-pro\image_airpod_3.jpg,assets/img/airpod-pro/image_airpod_3.jpg
AirPod Pro,airpod-pro,image,C:\Users\Elvis SPH\Desktop\GF\AirPod Pro\Images\image_airpod_4.jpg,C:\Users\Elvis SPH\Desktop\gf-store\assets\img\airpod-pro\image_airpod_4.jpg,assets/img/airpod-pro/image_airpod_4.jpg
AirPod Pro,airpod-pro,image,C:\Users\Elvis SPH\Desktop\GF\AirPod Pro\Images\image_airpod_5.jpg,C:\Users\Elvis SPH\Desktop\gf-store\assets\img\airpod-pro\image_airpod_5.jpg,assets/img/airpod-pro/image_airpod_5.jpg
Asus ROG Strix G16 (2025),asus-rog-strix-g16-2025,image,C:\Users\Elvis SPH\Desktop\GF\Asus ROG Strix G16 (2025)\Images\image_asus_1.png,C:\Users\Elvis SPH\Desktop\gf-store\assets\img\asus-rog-strix-g16-2025\image_asus_1.png,assets/img/asus-rog-strix-g16-2025/image_asus_1.png
Asus ROG Strix G16 (2025),asus-rog-strix-g16-2025,image,C:\Users\Elvis SPH\Desktop\GF\Asus ROG Strix G16 (2025)\Images\image_asus_10.png,C:\Users\Elvis SPH\Desktop\gf-store\assets\img\asus-rog-strix-g16-2025\image_asus_10.png,assets/img/asus-rog-strix-g16-2025/image_asus_10.png
Asus ROG Strix G16 (2025),asus-rog-strix-g16-2025,image,C:\Users\Elvis SPH\Desktop\GF\Asus ROG Strix G16 (2025)\Images\image_asus_11.png,C:\Users\Elvis SPH\Desktop\gf-store\assets\img\asus-rog-strix-g16-2025\image_asus_11.png,assets/img/asus-rog-strix-g16-2025/image_asus_11.png
Asus ROG Strix G16 (2025),asus-rog-strix-g16-2025,image,C:\Users\Elvis SPH\Desktop\GF\Asus ROG Strix G16 (2025)\Images\image_asus_12.png,C:\Users\Elvis SPH\Desktop\gf-store\assets\img\asus-rog-strix-g16-2025\image_asus_12.png,assets/img/asus-rog-strix-g16-2025/image_asus_12.png
Asus ROG Strix G16 (2025),asus-rog-strix-g16-2025,image,C:\Users\Elvis SPH\Desktop\GF\Asus ROG Strix G16 (2025)\Images\image_asus_2.png,C:\Users\Elvis SPH\Desktop\gf-store\assets\img\asus-rog-strix-g16-2025\image_asus_2.png,assets/img/asus-rog-strix-g16-2025/image_asus_2.png
Asus ROG Strix G16 (2025),asus-rog-strix-g16-2025,image,C:\Users\Elvis SPH\Desktop\GF\Asus ROG Strix G16 (2025)\Images\image_asus_3.png,C:\Users\Elvis SPH\Desktop\gf-store\assets\img\asus-rog-strix-g16-2025\image_asus_3.png,assets/img/asus-rog-strix-g16-2025/image_asus_3.png
Asus ROG Strix G16 (2025),asus-rog-strix-g16-2025,image,C:\Users\Elvis SPH\Desktop\GF\Asus ROG Strix G16 (2025)\Images\image_asus_4.png,C:\Users\Elvis SPH\Desktop\gf-store\assets\img\asus-rog-strix-g16-2025\image_asus_4.png,assets/img/asus-rog-strix-g16-2025/image_asus_4.png
Asus ROG Strix G16 (2025),asus-rog-strix-g16-2025,image,C:\Users\Elvis SPH\Desktop\GF\Asus ROG Strix G16 (2025)\Images\image_asus_5.png,C:\Users\Elvis SPH\Desktop\gf-store\assets\img\asus-rog-strix-g16-2025\image_asus_5.png,assets/img/asus-rog-strix-g16-2025/image_asus_5.png
Asus ROG Strix G16 (2025),asus-rog-strix-g16-2025,image,C:\Users\Elvis SPH\Desktop\GF\Asus ROG Strix G16 (2025)\Images\image_asus_6.png,C:\Users\Elvis SPH\Desktop\gf-store\assets\img\asus-rog-strix-g16-2025\image_asus_6.png,assets/img/asus-rog-strix-g16-2025/image_asus_6.png
Asus ROG Strix G16 (2025),asus-rog-strix-g16-2025,image,C:\Users\Elvis SPH\Desktop\GF\Asus ROG Strix G16 (2025)\Images\image_asus_7.png,C:\Users\Elvis SPH\Desktop\gf-store\assets\img\asus-rog-strix-g16-2025\image_asus_7.png,assets/img/asus-rog-strix-g16-2025/image_asus_7.png
Asus ROG Strix G16 (2025),asus-rog-strix-g16-2025,image,C:\Users\Elvis SPH\Desktop\GF\Asus ROG Strix G16 (2025)\Images\image_asus_8.png,C:\Users\Elvis SPH\Desktop\gf-store\assets\img\asus-rog-strix-g16-2025\image_asus_8.png,assets/img/asus-rog-strix-g16-2025/image_asus_8.png
Asus ROG Strix G16 (2025),asus-rog-strix-g16-2025,image,C:\Users\Elvis SPH\Desktop\GF\Asus ROG Strix G16 (2025)\Images\image_asus_9.png,C:\Users\Elvis SPH\Desktop\gf-store\assets\img\asus-rog-strix-g16-2025\image_asus_9.png,assets/img/asus-rog-strix-g16-2025/image_asus_9.png
Bose QuietComfort 45 (QC45),bose-quietcomfort-45-qc45,video,C:\Users\Elvis SPH\Desktop\GF\Bose QuietComfort 45 (QC45)\Vidéos\Casque intelligent à réduction de bruit QuietComfort 45 remis à neuf_2.ts,C:\Users\Elvis SPH\Desktop\gf-store\assets\video\bose-quietcomfort-45-qc45\Casque intelligent à réduction de bruit QuietComfort 45 remis à neuf_2.ts,assets/video/bose-quietcomfort-45-qc45/Casque intelligent à réduction de bruit QuietComfort 45 remis à neuf_2.ts
Console PlayStation 5 - Edition Digitale (Modèle Slim),console-playstation-5-edition-digitale-modele-slim,image,C:\Users\Elvis SPH\Desktop\GF\Console PlayStation 5 - Edition Digitale (Modèle Slim)\Images\image_console_1.webp,C:\Users\Elvis SPH\Desktop\gf-store\assets\img\console-playstation-5-edition-digitale-modele-slim\image_console_1.webp,assets/img/console-playstation-5-edition-digitale-modele-slim/image_console_1.webp
Console PlayStation 5 - Edition Digitale (Modèle Slim),console-playstation-5-edition-digitale-modele-slim,image,C:\Users\Elvis SPH\Desktop\GF\Console PlayStation 5 - Edition Digitale (Modèle Slim)\Images\image_console_2.webp,C:\Users\Elvis SPH\Desktop\gf-store\assets\img\console-playstation-5-edition-digitale-modele-slim\image_console_2.webp,assets/img/console-playstation-5-edition-digitale-modele-slim/image_console_2.webp
Console PlayStation 5 - Edition Digitale (Modèle Slim),console-playstation-5-edition-digitale-modele-slim,image,C:\Users\Elvis SPH\Desktop\GF\Console PlayStation 5 - Edition Digitale (Modèle Slim)\Images\image_console_3.webp,C:\Users\Elvis SPH\Desktop\gf-store\assets\img\console-playstation-5-edition-digitale-modele-slim\image_console_3.webp,assets/img/console-playstation-5-edition-digitale-modele-slim/image_console_3.webp
Console PlayStation 5 - Edition Digitale (Modèle Slim),console-playstation-5-edition-digitale-modele-slim,image,C:\Users\Elvis SPH\Desktop\GF\Console PlayStation 5 - Edition Digitale (Modèle Slim)\Images\image_console_4.webp,C:\Users\Elvis SPH\Desktop\gf-store\assets\img\console-playstation-5-edition-digitale-modele-slim\image_console_4.webp,assets/img/console-playstation-5-edition-digitale-modele-slim/image_console_4.webp
Console PlayStation 5 - Edition Digitale (Modèle Slim),console-playstation-5-edition-digitale-modele-slim,image,C:\Users\Elvis SPH\Desktop\GF\Console PlayStation 5 - Edition Digitale (Modèle Slim)\Images\image_console_5.webp,C:\Users\Elvis SPH\Desktop\gf-store\assets\img\console-playstation-5-edition-digitale-modele-slim\image_console_5.webp,assets/img/console-playstation-5-edition-digitale-modele-slim/image_console_5.webp
Console PlayStation 5 - Edition Digitale (Modèle Slim),console-playstation-5-edition-digitale-modele-slim,image,C:\Users\Elvis SPH\Desktop\GF\Console PlayStation 5 - Edition Digitale (Modèle Slim)\Images\image_console_6.webp,C:\Users\Elvis SPH\Desktop\gf-store\assets\img\console-playstation-5-edition-digitale-modele-slim\image_console_6.webp,assets/img/console-playstation-5-edition-digitale-modele-slim/image_console_6.webp
Console PlayStation 5 - Edition Digitale (Modèle Slim),console-playstation-5-edition-digitale-modele-slim,image,C:\Users\Elvis SPH\Desktop\GF\Console PlayStation 5 - Edition Digitale (Modèle Slim)\Images\image_console_7.webp,C:\Users\Elvis SPH\Desktop\gf-store\assets\img\console-playstation-5-edition-digitale-modele-slim\image_console_7.webp,assets/img/console-playstation-5-edition-digitale-modele-slim/image_console_7.webp
Console PlayStation 5 - Edition Digitale (Modèle Slim),console-playstation-5-edition-digitale-modele-slim,image,C:\Users\Elvis SPH\Desktop\GF\Console PlayStation 5 - Edition Digitale (Modèle Slim)\Images\image_console_8.webp,C:\Users\Elvis SPH\Desktop\gf-store\assets\img\console-playstation-5-edition-digitale-modele-slim\image_console_8.webp,assets/img/console-playstation-5-edition-digitale-modele-slim/image_console_8.webp
Console PlayStation 5 - Edition Digitale (Modèle Slim),console-playstation-5-edition-digitale-modele-slim,image,C:\Users\Elvis SPH\Desktop\GF\Console PlayStation 5 - Edition Digitale (Modèle Slim)\Images\image_console_9.webp,C:\Users\Elvis SPH\Desktop\gf-store\assets\img\console-playstation-5-edition-digitale-modele-slim\image_console_9.webp,assets/img/console-playstation-5-edition-digitale-modele-slim/image_console_9.webp
Console PlayStation 5 - Edition Digitale (Modèle Slim),console-playstation-5-edition-digitale-modele-slim,video,C:\Users\Elvis SPH\Desktop\GF\Console PlayStation 5 - Edition Digitale (Modèle Slim)\Vidéos\video_console-playstation-5-edition-digitale-modele-slim_1.mp4,C:\Users\Elvis SPH\Desktop\gf-store\assets\video\console-playstation-5-edition-digitale-modele-slim\video_console-playstation-5-edition-digitale-modele-slim_1.mp4,assets/video/console-playstation-5-edition-digitale-modele-slim/video_console-playstation-5-edition-digitale-modele-slim_1.mp4
Console Sony PS5 Pro Blanc et Noir,console-sony-ps5-pro-blanc-et-noir,image,C:\Users\Elvis SPH\Desktop\GF\Console Sony PS5 Pro Blanc et Noir\Images\image_console_10.webp,C:\Users\Elvis SPH\Desktop\gf-store\assets\img\console-sony-ps5-pro-blanc-et-noir\image_console_10.webp,assets/img/console-sony-ps5-pro-blanc-et-noir/image_console_10.webp
Console Sony PS5 Pro Blanc et Noir,console-sony-ps5-pro-blanc-et-noir,image,C:\Users\Elvis SPH\Desktop\GF\Console Sony PS5 Pro Blanc et Noir\Images\image_console_11.webp,C:\Users\Elvis SPH\Desktop\gf-store\assets\img\console-sony-ps5-pro-blanc-et-noir\image_console_11.webp,assets/img/console-sony-ps5-pro-blanc-et-noir/image_console_11.webp
Console Sony PS5 Pro Blanc et Noir,console-sony-ps5-pro-blanc-et-noir,image,C:\Users\Elvis SPH\Desktop\GF\Console Sony PS5 Pro Blanc et Noir\Images\image_console_12.webp,C:\Users\Elvis SPH\Desktop\gf-store\assets\img\console-sony-ps5-pro-blanc-et-noir\image_console_12.webp,assets/img/console-sony-ps5-pro-blanc-et-noir/image_console_12.webp
Console Sony PS5 Pro Blanc et Noir,console-sony-ps5-pro-blanc-et-noir,image,C:\Users\Elvis SPH\Desktop\GF\Console Sony PS5 Pro Blanc et Noir\Images\image_console_13.webp,C:\Users\Elvis SPH\Desktop\gf-store\assets\img\console-sony-ps5-pro-blanc-et-noir\image_console_13.webp,assets/img/console-sony-ps5-pro-blanc-et-noir/image_console_13.webp
Console Sony PS5 Pro Blanc et Noir,console-sony-ps5-pro-blanc-et-noir,image,C:\Users\Elvis SPH\Desktop\GF\Console Sony PS5 Pro Blanc et Noir\Images\image_console_14.webp,C:\Users\Elvis SPH\Desktop\gf-store\assets\img\console-sony-ps5-pro-blanc-et-noir\image_console_14.webp,assets/img/console-sony-ps5-pro-blanc-et-noir/image_console_14.webp
Console Sony PS5 Pro Blanc et Noir,console-sony-ps5-pro-blanc-et-noir,image,C:\Users\Elvis SPH\Desktop\GF\Console Sony PS5 Pro Blanc et Noir\Images\image_console_15.webp,C:\Users\Elvis SPH\Desktop\gf-store\assets\img\console-sony-ps5-pro-blanc-et-noir\image_console_15.webp,assets/img/console-sony-ps5-pro-blanc-et-noir/image_console_15.webp
Console Sony PS5 Pro Blanc et Noir,console-sony-ps5-pro-blanc-et-noir,image,C:\Users\Elvis SPH\Desktop\GF\Console Sony PS5 Pro Blanc et Noir\Images\image_console_16.webp,C:\Users\Elvis SPH\Desktop\gf-store\assets\img\console-sony-ps5-pro-blanc-et-noir\image_console_16.webp,assets/img/console-sony-ps5-pro-blanc-et-noir/image_console_16.webp
Console Sony PS5 Pro Blanc et Noir,console-sony-ps5-pro-blanc-et-noir,image,C:\Users\Elvis SPH\Desktop\GF\Console Sony PS5 Pro Blanc et Noir\Images\image_console_17.webp,C:\Users\Elvis SPH\Desktop\gf-store\assets\img\console-sony-ps5-pro-blanc-et-noir\image_console_17.webp,assets/img/console-sony-ps5-pro-blanc-et-noir/image_console_17.webp
Console Sony PS5 Pro Blanc et Noir,console-sony-ps5-pro-blanc-et-noir,video,C:\Users\Elvis SPH\Desktop\GF\Console Sony PS5 Pro Blanc et Noir\Vidéos\video_console-sony-ps5-pro-blanc-et-noir_1.mp4,C:\Users\Elvis SPH\Desktop\gf-store\assets\video\console-sony-ps5-pro-blanc-et-noir\video_console-sony-ps5-pro-blanc-et-noir_1.mp4,assets/video/console-sony-ps5-pro-blanc-et-noir/video_console-sony-ps5-pro-blanc-et-noir_1.mp4
Dell XPS 13,dell-xps-13,image,C:\Users\Elvis SPH\Desktop\GF\Dell XPS 13\image_dell_1.avif,C:\Users\Elvis SPH\Desktop\gf-store\assets\img\dell-xps-13\image_dell_1.avif,assets/img/dell-xps-13/image_dell_1.avif
Dell XPS 13,dell-xps-13,image,C:\Users\Elvis SPH\Desktop\GF\Dell XPS 13\image_dell_2.jpg,C:\Users\Elvis SPH\Desktop\gf-store\assets\img\dell-xps-13\image_dell_2.jpg,assets/img/dell-xps-13/image_dell_2.jpg
Dell XPS 13,dell-xps-13,image,C:\Users\Elvis SPH\Desktop\GF\Dell XPS 13\image_dell_3.jpg,C:\Users\Elvis SPH\Desktop\gf-store\assets\img\dell-xps-13\image_dell_3.jpg,assets/img/dell-xps-13/image_dell_3.jpg
Dell XPS 13,dell-xps-13,image,C:\Users\Elvis SPH\Desktop\GF\Dell XPS 13\image_dell_4.jpg,C:\Users\Elvis SPH\Desktop\gf-store\assets\img\dell-xps-13\image_dell_4.jpg,assets/img/dell-xps-13/image_dell_4.jpg
Dell XPS 13,dell-xps-13,image,C:\Users\Elvis SPH\Desktop\GF\Dell XPS 13\image_dell_5.jpg,C:\Users\Elvis SPH\Desktop\gf-store\assets\img\dell-xps-13\image_dell_5.jpg,assets/img/dell-xps-13/image_dell_5.jpg
HP - Spectre x360,hp-spectre-x360,image,C:\Users\Elvis SPH\Desktop\GF\HP - Spectre x360\Images\image_hp_1.jpg,C:\Users\Elvis SPH\Desktop\gf-store\assets\img\hp-spectre-x360\image_hp_1.jpg,assets/img/hp-spectre-x360/image_hp_1.jpg
HP - Spectre x360,hp-spectre-x360,image,C:\Users\Elvis SPH\Desktop\GF\HP - Spectre x360\Images\image_hp_2.jpg,C:\Users\Elvis SPH\Desktop\gf-store\assets\img\hp-spectre-x360\image_hp_2.jpg,assets/img/hp-spectre-x360/image_hp_2.jpg
HP - Spectre x360,hp-spectre-x360,image,C:\Users\Elvis SPH\Desktop\GF\HP - Spectre x360\Images\image_hp_3.jpg,C:\Users\Elvis SPH\Desktop\gf-store\assets\img\hp-spectre-x360\image_hp_3.jpg,assets/img/hp-spectre-x360/image_hp_3.jpg
HP - Spectre x360,hp-spectre-x360,image,C:\Users\Elvis SPH\Desktop\GF\HP - Spectre x360\Images\image_hp_4.jpg,C:\Users\Elvis SPH\Desktop\gf-store\assets\img\hp-spectre-x360\image_hp_4.jpg,assets/img/hp-spectre-x360/image_hp_4.jpg
HP - Spectre x360,hp-spectre-x360,image,C:\Users\Elvis SPH\Desktop\GF\HP - Spectre x360\Images\image_hp_5.jpg,C:\Users\Elvis SPH\Desktop\gf-store\assets\img\hp-spectre-x360\image_hp_5.jpg,assets/img/hp-spectre-x360/image_hp_5.jpg
HP - Spectre x360,hp-spectre-x360,image,C:\Users\Elvis SPH\Desktop\GF\HP - Spectre x360\Images\image_hp_6.jpg,C:\Users\Elvis SPH\Desktop\gf-store\assets\img\hp-spectre-x360\image_hp_6.jpg,assets/img/hp-spectre-x360/image_hp_6.jpg
HP - Spectre x360,hp-spectre-x360,image,C:\Users\Elvis SPH\Desktop\GF\HP - Spectre x360\Images\image_hp_7.jpg,C:\Users\Elvis SPH\Desktop\gf-store\assets\img\hp-spectre-x360\image_hp_7.jpg,assets/img/hp-spectre-x360/image_hp_7.jpg
HP - Spectre x360,hp-spectre-x360,image,C:\Users\Elvis SPH\Desktop\GF\HP - Spectre x360\Images\image_hp_8.jpg,C:\Users\Elvis SPH\Desktop\gf-store\assets\img\hp-spectre-x360\image_hp_8.jpg,assets/img/hp-spectre-x360/image_hp_8.jpg
HP - Spectre x360,hp-spectre-x360,video,C:\Users\Elvis SPH\Desktop\GF\HP - Spectre x360\Vidéo\video_hp-spectre-x360_1.mp4,C:\Users\Elvis SPH\Desktop\gf-store\assets\video\hp-spectre-x360\video_hp-spectre-x360_1.mp4,assets/video/hp-spectre-x360/video_hp-spectre-x360_1.mp4
LG 31.5″ UHD 4K HDR (32UQ750-W),lg-31-5-uhd-4k-hdr-32uq750-w,image,C:\Users\Elvis SPH\Desktop\GF\LG 31.5″ UHD 4K HDR (32UQ750-W)\Images\image_lg_1.jpg,C:\Users\Elvis SPH\Desktop\gf-store\assets\img\lg-31-5-uhd-4k-hdr-32uq750-w\image_lg_1.jpg,assets/img/lg-31-5-uhd-4k-hdr-32uq750-w/image_lg_1.jpg
LG 31.5″ UHD 4K HDR (32UQ750-W),lg-31-5-uhd-4k-hdr-32uq750-w,image,C:\Users\Elvis SPH\Desktop\GF\LG 31.5″ UHD 4K HDR (32UQ750-W)\Images\image_lg_10.jpg,C:\Users\Elvis SPH\Desktop\gf-store\assets\img\lg-31-5-uhd-4k-hdr-32uq750-w\image_lg_10.jpg,assets/img/lg-31-5-uhd-4k-hdr-32uq750-w/image_lg_10.jpg
LG 31.5″ UHD 4K HDR (32UQ750-W),lg-31-5-uhd-4k-hdr-32uq750-w,image,C:\Users\Elvis SPH\Desktop\GF\LG 31.5″ UHD 4K HDR (32UQ750-W)\Images\image_lg_2.jpg,C:\Users\Elvis SPH\Desktop\gf-store\assets\img\lg-31-5-uhd-4k-hdr-32uq750-w\image_lg_2.jpg,assets/img/lg-31-5-uhd-4k-hdr-32uq750-w/image_lg_2.jpg
LG 31.5″ UHD 4K HDR (32UQ750-W),lg-31-5-uhd-4k-hdr-32uq750-w,image,C:\Users\Elvis SPH\Desktop\GF\LG 31.5″ UHD 4K HDR (32UQ750-W)\Images\image_lg_3.jpg,C:\Users\Elvis SPH\Desktop\gf-store\assets\img\lg-31-5-uhd-4k-hdr-32uq750-w\image_lg_3.jpg,assets/img/lg-31-5-uhd-4k-hdr-32uq750-w/image_lg_3.jpg
LG 31.5″ UHD 4K HDR (32UQ750-W),lg-31-5-uhd-4k-hdr-32uq750-w,image,C:\Users\Elvis SPH\Desktop\GF\LG 31.5″ UHD 4K HDR (32UQ750-W)\Images\image_lg_4.jpg,C:\Users\Elvis SPH\Desktop\gf-store\assets\img\lg-31-5-uhd-4k-hdr-32uq750-w\image_lg_4.jpg,assets/img/lg-31-5-uhd-4k-hdr-32uq750-w/image_lg_4.jpg
LG 31.5″ UHD 4K HDR (32UQ750-W),lg-31-5-uhd-4k-hdr-32uq750-w,image,C:\Users\Elvis SPH\Desktop\GF\LG 31.5″ UHD 4K HDR (32UQ750-W)\Images\image_lg_5.jpg,C:\Users\Elvis SPH\Desktop\gf-store\assets\img\lg-31-5-uhd-4k-hdr-32uq750-w\image_lg_5.jpg,assets/img/lg-31-5-uhd-4k-hdr-32uq750-w/image_lg_5.jpg
LG 31.5″ UHD 4K HDR (32UQ750-W),lg-31-5-uhd-4k-hdr-32uq750-w,image,C:\Users\Elvis SPH\Desktop\GF\LG 31.5″ UHD 4K HDR (32UQ750-W)\Images\image_lg_6.jpg,C:\Users\Elvis SPH\Desktop\gf-store\assets\img\lg-31-5-uhd-4k-hdr-32uq750-w\image_lg_6.jpg,assets/img/lg-31-5-uhd-4k-hdr-32uq750-w/image_lg_6.jpg
LG 31.5″ UHD 4K HDR (32UQ750-W),lg-31-5-uhd-4k-hdr-32uq750-w,image,C:\Users\Elvis SPH\Desktop\GF\LG 31.5″ UHD 4K HDR (32UQ750-W)\Images\image_lg_7.jpg,C:\Users\Elvis SPH\Desktop\gf-store\assets\img\lg-31-5-uhd-4k-hdr-32uq750-w\image_lg_7.jpg,assets/img/lg-31-5-uhd-4k-hdr-32uq750-w/image_lg_7.jpg
LG 31.5″ UHD 4K HDR (32UQ750-W),lg-31-5-uhd-4k-hdr-32uq750-w,image,C:\Users\Elvis SPH\Desktop\GF\LG 31.5″ UHD 4K HDR (32UQ750-W)\Images\image_lg_8.jpg,C:\Users\Elvis SPH\Desktop\gf-store\assets\img\lg-31-5-uhd-4k-hdr-32uq750-w\image_lg_8.jpg,assets/img/lg-31-5-uhd-4k-hdr-32uq750-w/image_lg_8.jpg
LG 31.5″ UHD 4K HDR (32UQ750-W),lg-31-5-uhd-4k-hdr-32uq750-w,image,C:\Users\Elvis SPH\Desktop\GF\LG 31.5″ UHD 4K HDR (32UQ750-W)\Images\image_lg_9.jpg,C:\Users\Elvis SPH\Desktop\gf-store\assets\img\lg-31-5-uhd-4k-hdr-32uq750-w\image_lg_9.jpg,assets/img/lg-31-5-uhd-4k-hdr-32uq750-w/image_lg_9.jpg
MacBook Air,macbook-air,image,C:\Users\Elvis SPH\Desktop\GF\MacBook Air\Images\image_macbook_1.jpg,C:\Users\Elvis SPH\Desktop\gf-store\assets\img\macbook-air\image_macbook_1.jpg,assets/img/macbook-air/image_macbook_1.jpg
MacBook Air,macbook-air,image,C:\Users\Elvis SPH\Desktop\GF\MacBook Air\Images\image_macbook_10.jpg,C:\Users\Elvis SPH\Desktop\gf-store\assets\img\macbook-air\image_macbook_10.jpg,assets/img/macbook-air/image_macbook_10.jpg
MacBook Air,macbook-air,image,C:\Users\Elvis SPH\Desktop\GF\MacBook Air\Images\image_macbook_11.jpg,C:\Users\Elvis SPH\Desktop\gf-store\assets\img\macbook-air\image_macbook_11.jpg,assets/img/macbook-air/image_macbook_11.jpg
MacBook Air,macbook-air,image,C:\Users\Elvis SPH\Desktop\GF\MacBook Air\Images\image_macbook_12.jpg,C:\Users\Elvis SPH\Desktop\gf-store\assets\img\macbook-air\image_macbook_12.jpg,assets/img/macbook-air/image_macbook_12.jpg
MacBook Air,macbook-air,image,C:\Users\Elvis SPH\Desktop\GF\MacBook Air\Images\image_macbook_13.jpg,C:\Users\Elvis SPH\Desktop\gf-store\assets\img\macbook-air\image_macbook_13.jpg,assets/img/macbook-air/image_macbook_13.jpg
MacBook Air,macbook-air,image,C:\Users\Elvis SPH\Desktop\GF\MacBook Air\Images\image_macbook_14.jpg,C:\Users\Elvis SPH\Desktop\gf-store\assets\img\macbook-air\image_macbook_14.jpg,assets/img/macbook-air/image_macbook_14.jpg
MacBook Air,macbook-air,image,C:\Users\Elvis SPH\Desktop\GF\MacBook Air\Images\image_macbook_15.jpg,C:\Users\Elvis SPH\Desktop\gf-store\assets\img\macbook-air\image_macbook_15.jpg,assets/img/macbook-air/image_macbook_15.jpg
MacBook Air,macbook-air,image,C:\Users\Elvis SPH\Desktop\GF\MacBook Air\Images\image_macbook_16.jpg,C:\Users\Elvis SPH\Desktop\gf-store\assets\img\macbook-air\image_macbook_16.jpg,assets/img/macbook-air/image_macbook_16.jpg
MacBook Air,macbook-air,image,C:\Users\Elvis SPH\Desktop\GF\MacBook Air\Images\image_macbook_17.jpg,C:\Users\Elvis SPH\Desktop\gf-store\assets\img\macbook-air\image_macbook_17.jpg,assets/img/macbook-air/image_macbook_17.jpg
MacBook Air,macbook-air,image,C:\Users\Elvis SPH\Desktop\GF\MacBook Air\Images\image_macbook_2.jpg,C:\Users\Elvis SPH\Desktop\gf-store\assets\img\macbook-air\image_macbook_2.jpg,assets/img/macbook-air/image_macbook_2.jpg
MacBook Air,macbook-air,image,C:\Users\Elvis SPH\Desktop\GF\MacBook Air\Images\image_macbook_3.jpg,C:\Users\Elvis SPH\Desktop\gf-store\assets\img\macbook-air\image_macbook_3.jpg,assets/img/macbook-air/image_macbook_3.jpg
MacBook Air,macbook-air,image,C:\Users\Elvis SPH\Desktop\GF\MacBook Air\Images\image_macbook_4.jpg,C:\Users\Elvis SPH\Desktop\gf-store\assets\img\macbook-air\image_macbook_4.jpg,assets/img/macbook-air/image_macbook_4.jpg
MacBook Air,macbook-air,image,C:\Users\Elvis SPH\Desktop\GF\MacBook Air\Images\image_macbook_5.jpg,C:\Users\Elvis SPH\Desktop\gf-store\assets\img\macbook-air\image_macbook_5.jpg,assets/img/macbook-air/image_macbook_5.jpg
MacBook Air,macbook-air,image,C:\Users\Elvis SPH\Desktop\GF\MacBook Air\Images\image_macbook_6.jpg,C:\Users\Elvis SPH\Desktop\gf-store\assets\img\macbook-air\image_macbook_6.jpg,assets/img/macbook-air/image_macbook_6.jpg
MacBook Air,macbook-air,image,C:\Users\Elvis SPH\Desktop\GF\MacBook Air\Images\image_macbook_7.jpg,C:\Users\Elvis SPH\Desktop\gf-store\assets\img\macbook-air\image_macbook_7.jpg,assets/img/macbook-air/image_macbook_7.jpg
MacBook Air,macbook-air,image,C:\Users\Elvis SPH\Desktop\GF\MacBook Air\Images\image_macbook_8.jpg,C:\Users\Elvis SPH\Desktop\gf-store\assets\img\macbook-air\image_macbook_8.jpg,assets/img/macbook-air/image_macbook_8.jpg
MacBook Air,macbook-air,image,C:\Users\Elvis SPH\Desktop\GF\MacBook Air\Images\image_macbook_9.jpg,C:\Users\Elvis SPH\Desktop\gf-store\assets\img\macbook-air\image_macbook_9.jpg,assets/img/macbook-air/image_macbook_9.jpg
"MacBook Pro (M4, 2025)",macbook-pro-m4-2025,image,"C:\Users\Elvis SPH\Desktop\GF\MacBook Pro (M4, 2025)\Images\image_macbook_18.jpg",C:\Users\Elvis SPH\Desktop\gf-store\assets\img\macbook-pro-m4-2025\image_macbook_18.jpg,assets/img/macbook-pro-m4-2025/image_macbook_18.jpg
"MacBook Pro (M4, 2025)",macbook-pro-m4-2025,image,"C:\Users\Elvis SPH\Desktop\GF\MacBook Pro (M4, 2025)\Images\image_macbook_19.jpg",C:\Users\Elvis SPH\Desktop\gf-store\assets\img\macbook-pro-m4-2025\image_macbook_19.jpg,assets/img/macbook-pro-m4-2025/image_macbook_19.jpg
"MacBook Pro (M4, 2025)",macbook-pro-m4-2025,image,"C:\Users\Elvis SPH\Desktop\GF\MacBook Pro (M4, 2025)\Images\image_macbook_20.jpg",C:\Users\Elvis SPH\Desktop\gf-store\assets\img\macbook-pro-m4-2025\image_macbook_20.jpg,assets/img/macbook-pro-m4-2025/image_macbook_20.jpg
"MacBook Pro (M4, 2025)",macbook-pro-m4-2025,image,"C:\Users\Elvis SPH\Desktop\GF\MacBook Pro (M4, 2025)\Images\image_macbook_21.jpg",C:\Users\Elvis SPH\Desktop\gf-store\assets\img\macbook-pro-m4-2025\image_macbook_21.jpg,assets/img/macbook-pro-m4-2025/image_macbook_21.jpg
"MacBook Pro (M4, 2025)",macbook-pro-m4-2025,image,"C:\Users\Elvis SPH\Desktop\GF\MacBook Pro (M4, 2025)\Images\image_macbook_22.jpg",C:\Users\Elvis SPH\Desktop\gf-store\assets\img\macbook-pro-m4-2025\image_macbook_22.jpg,assets/img/macbook-pro-m4-2025/image_macbook_22.jpg
"MacBook Pro (M4, 2025)",macbook-pro-m4-2025,image,"C:\Users\Elvis SPH\Desktop\GF\MacBook Pro (M4, 2025)\Images\image_macbook_23.jpg",C:\Users\Elvis SPH\Desktop\gf-store\assets\img\macbook-pro-m4-2025\image_macbook_23.jpg,assets/img/macbook-pro-m4-2025/image_macbook_23.jpg
"MacBook Pro (M4, 2025)",macbook-pro-m4-2025,image,"C:\Users\Elvis SPH\Desktop\GF\MacBook Pro (M4, 2025)\Images\image_macbook_24.jpg",C:\Users\Elvis SPH\Desktop\gf-store\assets\img\macbook-pro-m4-2025\image_macbook_24.jpg,assets/img/macbook-pro-m4-2025/image_macbook_24.jpg
"MacBook Pro (M4, 2025)",macbook-pro-m4-2025,image,"C:\Users\Elvis SPH\Desktop\GF\MacBook Pro (M4, 2025)\Images\image_macbook_25.jpg",C:\Users\Elvis SPH\Desktop\gf-store\assets\img\macbook-pro-m4-2025\image_macbook_25.jpg,assets/img/macbook-pro-m4-2025/image_macbook_25.jpg
"MacBook Pro (M4, 2025)",macbook-pro-m4-2025,image,"C:\Users\Elvis SPH\Desktop\GF\MacBook Pro (M4, 2025)\Images\image_macbook_26.jpg",C:\Users\Elvis SPH\Desktop\gf-store\assets\img\macbook-pro-m4-2025\image_macbook_26.jpg,assets/img/macbook-pro-m4-2025/image_macbook_26.jpg
"MacBook Pro (M4, 2025)",macbook-pro-m4-2025,image,"C:\Users\Elvis SPH\Desktop\GF\MacBook Pro (M4, 2025)\Images\image_macbook_27.jpg",C:\Users\Elvis SPH\Desktop\gf-store\assets\img\macbook-pro-m4-2025\image_macbook_27.jpg,assets/img/macbook-pro-m4-2025/image_macbook_27.jpg
"MacBook Pro (M4, 2025)",macbook-pro-m4-2025,image,"C:\Users\Elvis SPH\Desktop\GF\MacBook Pro (M4, 2025)\Images\image_macbook_28.jpg",C:\Users\Elvis SPH\Desktop\gf-store\assets\img\macbook-pro-m4-2025\image_macbook_28.jpg,assets/img/macbook-pro-m4-2025/image_macbook_28.jpg
"MacBook Pro (M4, 2025)",macbook-pro-m4-2025,image,"C:\Users\Elvis SPH\Desktop\GF\MacBook Pro (M4, 2025)\Images\image_macbook_29.jpg",C:\Users\Elvis SPH\Desktop\gf-store\assets\img\macbook-pro-m4-2025\image_macbook_29.jpg,assets/img/macbook-pro-m4-2025/image_macbook_29.jpg
"MacBook Pro (M4, 2025)",macbook-pro-m4-2025,image,"C:\Users\Elvis SPH\Desktop\GF\MacBook Pro (M4, 2025)\Images\image_macbook_30.jpg",C:\Users\Elvis SPH\Desktop\gf-store\assets\img\macbook-pro-m4-2025\image_macbook_30.jpg,assets/img/macbook-pro-m4-2025/image_macbook_30.jpg
"MacBook Pro (M4, 2025)",macbook-pro-m4-2025,image,"C:\Users\Elvis SPH\Desktop\GF\MacBook Pro (M4, 2025)\Images\image_macbook_31.jpg",C:\Users\Elvis SPH\Desktop\gf-store\assets\img\macbook-pro-m4-2025\image_macbook_31.jpg,assets/img/macbook-pro-m4-2025/image_macbook_31.jpg
"MacBook Pro (M4, 2025)",macbook-pro-m4-2025,image,"C:\Users\Elvis SPH\Desktop\GF\MacBook Pro (M4, 2025)\Images\image_macbook_32.jpg",C:\Users\Elvis SPH\Desktop\gf-store\assets\img\macbook-pro-m4-2025\image_macbook_32.jpg,assets/img/macbook-pro-m4-2025/image_macbook_32.jpg
"MacBook Pro (M4, 2025)",macbook-pro-m4-2025,video,"C:\Users\Elvis SPH\Desktop\GF\MacBook Pro (M4, 2025)\Vidéo\video_macbook-pro-m4-2025_1.mp4",C:\Users\Elvis SPH\Desktop\gf-store\assets\video\macbook-pro-m4-2025\video_macbook-pro-m4-2025_1.mp4,assets/video/macbook-pro-m4-2025/video_macbook-pro-m4-2025_1.mp4
Nintendo - Switch OLED - 64 Go,nintendo-switch-oled-64-go,image,C:\Users\Elvis SPH\Desktop\GF\Nintendo - Switch OLED - 64 Go\Images\image_nintendo_1.webp,C:\Users\Elvis SPH\Desktop\gf-store\assets\img\nintendo-switch-oled-64-go\image_nintendo_1.webp,assets/img/nintendo-switch-oled-64-go/image_nintendo_1.webp
Nintendo - Switch OLED - 64 Go,nintendo-switch-oled-64-go,image,C:\Users\Elvis SPH\Desktop\GF\Nintendo - Switch OLED - 64 Go\Images\image_nintendo_10.webp,C:\Users\Elvis SPH\Desktop\gf-store\assets\img\nintendo-switch-oled-64-go\image_nintendo_10.webp,assets/img/nintendo-switch-oled-64-go/image_nintendo_10.webp
Nintendo - Switch OLED - 64 Go,nintendo-switch-oled-64-go,image,C:\Users\Elvis SPH\Desktop\GF\Nintendo - Switch OLED - 64 Go\Images\image_nintendo_11.webp,C:\Users\Elvis SPH\Desktop\gf-store\assets\img\nintendo-switch-oled-64-go\image_nintendo_11.webp,assets/img/nintendo-switch-oled-64-go/image_nintendo_11.webp
Nintendo - Switch OLED - 64 Go,nintendo-switch-oled-64-go,image,C:\Users\Elvis SPH\Desktop\GF\Nintendo - Switch OLED - 64 Go\Images\image_nintendo_2.webp,C:\Users\Elvis SPH\Desktop\gf-store\assets\img\nintendo-switch-oled-64-go\image_nintendo_2.webp,assets/img/nintendo-switch-oled-64-go/image_nintendo_2.webp
Nintendo - Switch OLED - 64 Go,nintendo-switch-oled-64-go,image,C:\Users\Elvis SPH\Desktop\GF\Nintendo - Switch OLED - 64 Go\Images\image_nintendo_3.webp,C:\Users\Elvis SPH\Desktop\gf-store\assets\img\nintendo-switch-oled-64-go\image_nintendo_3.webp,assets/img/nintendo-switch-oled-64-go/image_nintendo_3.webp
Nintendo - Switch OLED - 64 Go,nintendo-switch-oled-64-go,image,C:\Users\Elvis SPH\Desktop\GF\Nintendo - Switch OLED - 64 Go\Images\image_nintendo_4.webp,C:\Users\Elvis SPH\Desktop\gf-store\assets\img\nintendo-switch-oled-64-go\image_nintendo_4.webp,assets/img/nintendo-switch-oled-64-go/image_nintendo_4.webp
Nintendo - Switch OLED - 64 Go,nintendo-switch-oled-64-go,image,C:\Users\Elvis SPH\Desktop\GF\Nintendo - Switch OLED - 64 Go\Images\image_nintendo_5.webp,C:\Users\Elvis SPH\Desktop\gf-store\assets\img\nintendo-switch-oled-64-go\image_nintendo_5.webp,assets/img/nintendo-switch-oled-64-go/image_nintendo_5.webp
Nintendo - Switch OLED - 64 Go,nintendo-switch-oled-64-go,image,C:\Users\Elvis SPH\Desktop\GF\Nintendo - Switch OLED - 64 Go\Images\image_nintendo_6.webp,C:\Users\Elvis SPH\Desktop\gf-store\assets\img\nintendo-switch-oled-64-go\image_nintendo_6.webp,assets/img/nintendo-switch-oled-64-go/image_nintendo_6.webp
Nintendo - Switch OLED - 64 Go,nintendo-switch-oled-64-go,image,C:\Users\Elvis SPH\Desktop\GF\Nintendo - Switch OLED - 64 Go\Images\image_nintendo_7.webp,C:\Users\Elvis SPH\Desktop\gf-store\assets\img\nintendo-switch-oled-64-go\image_nintendo_7.webp,assets/img/nintendo-switch-oled-64-go/image_nintendo_7.webp
Nintendo - Switch OLED - 64 Go,nintendo-switch-oled-64-go,image,C:\Users\Elvis SPH\Desktop\GF\Nintendo - Switch OLED - 64 Go\Images\image_nintendo_8.webp,C:\Users\Elvis SPH\Desktop\gf-store\assets\img\nintendo-switch-oled-64-go\image_nintendo_8.webp,assets/img/nintendo-switch-oled-64-go/image_nintendo_8.webp
Nintendo - Switch OLED - 64 Go,nintendo-switch-oled-64-go,image,C:\Users\Elvis SPH\Desktop\GF\Nintendo - Switch OLED - 64 Go\Images\image_nintendo_9.webp,C:\Users\Elvis SPH\Desktop\gf-store\assets\img\nintendo-switch-oled-64-go\image_nintendo_9.webp,assets/img/nintendo-switch-oled-64-go/image_nintendo_9.webp
ROG Zephyrus G14 (2025) GA403,rog-zephyrus-g14-2025-ga403,image,C:\Users\Elvis SPH\Desktop\GF\ROG Zephyrus G14 (2025) GA403\Images\image_rog_1.png,C:\Users\Elvis SPH\Desktop\gf-store\assets\img\rog-zephyrus-g14-2025-ga403\image_rog_1.png,assets/img/rog-zephyrus-g14-2025-ga403/image_rog_1.png
ROG Zephyrus G14 (2025) GA403,rog-zephyrus-g14-2025-ga403,image,C:\Users\Elvis SPH\Desktop\GF\ROG Zephyrus G14 (2025) GA403\Images\image_rog_10.png,C:\Users\Elvis SPH\Desktop\gf-store\assets\img\rog-zephyrus-g14-2025-ga403\image_rog_10.png,assets/img/rog-zephyrus-g14-2025-ga403/image_rog_10.png
ROG Zephyrus G14 (2025) GA403,rog-zephyrus-g14-2025-ga403,image,C:\Users\Elvis SPH\Desktop\GF\ROG Zephyrus G14 (2025) GA403\Images\image_rog_11.png,C:\Users\Elvis SPH\Desktop\gf-store\assets\img\rog-zephyrus-g14-2025-ga403\image_rog_11.png,assets/img/rog-zephyrus-g14-2025-ga403/image_rog_11.png
ROG Zephyrus G14 (2025) GA403,rog-zephyrus-g14-2025-ga403,image,C:\Users\Elvis SPH\Desktop\GF\ROG Zephyrus G14 (2025) GA403\Images\image_rog_12.png,C:\Users\Elvis SPH\Desktop\gf-store\assets\img\rog-zephyrus-g14-2025-ga403\image_rog_12.png,assets/img/rog-zephyrus-g14-2025-ga403/image_rog_12.png
ROG Zephyrus G14 (2025) GA403,rog-zephyrus-g14-2025-ga403,image,C:\Users\Elvis SPH\Desktop\GF\ROG Zephyrus G14 (2025) GA403\Images\image_rog_13.png,C:\Users\Elvis SPH\Desktop\gf-store\assets\img\rog-zephyrus-g14-2025-ga403\image_rog_13.png,assets/img/rog-zephyrus-g14-2025-ga403/image_rog_13.png
ROG Zephyrus G14 (2025) GA403,rog-zephyrus-g14-2025-ga403,image,C:\Users\Elvis SPH\Desktop\GF\ROG Zephyrus G14 (2025) GA403\Images\image_rog_14.png,C:\Users\Elvis SPH\Desktop\gf-store\assets\img\rog-zephyrus-g14-2025-ga403\image_rog_14.png,assets/img/rog-zephyrus-g14-2025-ga403/image_rog_14.png
ROG Zephyrus G14 (2025) GA403,rog-zephyrus-g14-2025-ga403,image,C:\Users\Elvis SPH\Desktop\GF\ROG Zephyrus G14 (2025) GA403\Images\image_rog_2.png,C:\Users\Elvis SPH\Desktop\gf-store\assets\img\rog-zephyrus-g14-2025-ga403\image_rog_2.png,assets/img/rog-zephyrus-g14-2025-ga403/image_rog_2.png
ROG Zephyrus G14 (2025) GA403,rog-zephyrus-g14-2025-ga403,image,C:\Users\Elvis SPH\Desktop\GF\ROG Zephyrus G14 (2025) GA403\Images\image_rog_3.png,C:\Users\Elvis SPH\Desktop\gf-store\assets\img\rog-zephyrus-g14-2025-ga403\image_rog_3.png,assets/img/rog-zephyrus-g14-2025-ga403/image_rog_3.png
ROG Zephyrus G14 (2025) GA403,rog-zephyrus-g14-2025-ga403,image,C:\Users\Elvis SPH\Desktop\GF\ROG Zephyrus G14 (2025) GA403\Images\image_rog_4.png,C:\Users\Elvis SPH\Desktop\gf-store\assets\img\rog-zephyrus-g14-2025-ga403\image_rog_4.png,assets/img/rog-zephyrus-g14-2025-ga403/image_rog_4.png
ROG Zephyrus G14 (2025) GA403,rog-zephyrus-g14-2025-ga403,image,C:\Users\Elvis SPH\Desktop\GF\ROG Zephyrus G14 (2025) GA403\Images\image_rog_5.png,C:\Users\Elvis SPH\Desktop\gf-store\assets\img\rog-zephyrus-g14-2025-ga403\image_rog_5.png,assets/img/rog-zephyrus-g14-2025-ga403/image_rog_5.png
ROG Zephyrus G14 (2025) GA403,rog-zephyrus-g14-2025-ga403,image,C:\Users\Elvis SPH\Desktop\GF\ROG Zephyrus G14 (2025) GA403\Images\image_rog_6.png,C:\Users\Elvis SPH\Desktop\gf-store\assets\img\rog-zephyrus-g14-2025-ga403\image_rog_6.png,assets/img/rog-zephyrus-g14-2025-ga403/image_rog_6.png
ROG Zephyrus G14 (2025) GA403,rog-zephyrus-g14-2025-ga403,image,C:\Users\Elvis SPH\Desktop\GF\ROG Zephyrus G14 (2025) GA403\Images\image_rog_7.png,C:\Users\Elvis SPH\Desktop\gf-store\assets\img\rog-zephyrus-g14-2025-ga403\image_rog_7.png,assets/img/rog-zephyrus-g14-2025-ga403/image_rog_7.png
ROG Zephyrus G14 (2025) GA403,rog-zephyrus-g14-2025-ga403,image,C:\Users\Elvis SPH\Desktop\GF\ROG Zephyrus G14 (2025) GA403\Images\image_rog_8.png,C:\Users\Elvis SPH\Desktop\gf-store\assets\img\rog-zephyrus-g14-2025-ga403\image_rog_8.png,assets/img/rog-zephyrus-g14-2025-ga403/image_rog_8.png
ROG Zephyrus G14 (2025) GA403,rog-zephyrus-g14-2025-ga403,image,C:\Users\Elvis SPH\Desktop\GF\ROG Zephyrus G14 (2025) GA403\Images\image_rog_9.png,C:\Users\Elvis SPH\Desktop\gf-store\assets\img\rog-zephyrus-g14-2025-ga403\image_rog_9.png,assets/img/rog-zephyrus-g14-2025-ga403/image_rog_9.png
ROG Zephyrus G14 (2025) GA403,rog-zephyrus-g14-2025-ga403,image,C:\Users\Elvis SPH\Desktop\GF\ROG Zephyrus G14 (2025) GA403\Images\ROG Zephyrus G14 (2025) GA403 _ ROG Zephyrus _ Gaming laptops｜ROG - Republic of Gamers｜ROG Global_files\image_rog_15.svg,C:\Users\Elvis SPH\Desktop\gf-store\assets\img\rog-zephyrus-g14-2025-ga403\image_rog_15.svg,assets/img/rog-zephyrus-g14-2025-ga403/image_rog_15.svg
Samsung Odyssey OLED G8 (27″ 4K),samsung-odyssey-oled-g8-27-4k,image,C:\Users\Elvis SPH\Desktop\GF\Samsung Odyssey OLED G8 (27″ 4K)\images\image_samsung_1.webp,C:\Users\Elvis SPH\Desktop\gf-store\assets\img\samsung-odyssey-oled-g8-27-4k\image_samsung_1.webp,assets/img/samsung-odyssey-oled-g8-27-4k/image_samsung_1.webp
Samsung Odyssey OLED G8 (27″ 4K),samsung-odyssey-oled-g8-27-4k,image,C:\Users\Elvis SPH\Desktop\GF\Samsung Odyssey OLED G8 (27″ 4K)\images\image_samsung_10.webp,C:\Users\Elvis SPH\Desktop\gf-store\assets\img\samsung-odyssey-oled-g8-27-4k\image_samsung_10.webp,assets/img/samsung-odyssey-oled-g8-27-4k/image_samsung_10.webp
Samsung Odyssey OLED G8 (27″ 4K),samsung-odyssey-oled-g8-27-4k,image,C:\Users\Elvis SPH\Desktop\GF\Samsung Odyssey OLED G8 (27″ 4K)\images\image_samsung_2.webp,C:\Users\Elvis SPH\Desktop\gf-store\assets\img\samsung-odyssey-oled-g8-27-4k\image_samsung_2.webp,assets/img/samsung-odyssey-oled-g8-27-4k/image_samsung_2.webp
Samsung Odyssey OLED G8 (27″ 4K),samsung-odyssey-oled-g8-27-4k,image,C:\Users\Elvis SPH\Desktop\GF\Samsung Odyssey OLED G8 (27″ 4K)\images\image_samsung_3.webp,C:\Users\Elvis SPH\Desktop\gf-store\assets\img\samsung-odyssey-oled-g8-27-4k\image_samsung_3.webp,assets/img/samsung-odyssey-oled-g8-27-4k/image_samsung_3.webp
Samsung Odyssey OLED G8 (27″ 4K),samsung-odyssey-oled-g8-27-4k,image,C:\Users\Elvis SPH\Desktop\GF\Samsung Odyssey OLED G8 (27″ 4K)\images\image_samsung_4.webp,C:\Users\Elvis SPH\Desktop\gf-store\assets\img\samsung-odyssey-oled-g8-27-4k\image_samsung_4.webp,assets/img/samsung-odyssey-oled-g8-27-4k/image_samsung_4.webp
Samsung Odyssey OLED G8 (27″ 4K),samsung-odyssey-oled-g8-27-4k,image,C:\Users\Elvis SPH\Desktop\GF\Samsung Odyssey OLED G8 (27″ 4K)\images\image_samsung_5.webp,C:\Users\Elvis SPH\Desktop\gf-store\assets\img\samsung-odyssey-oled-g8-27-4k\image_samsung_5.webp,assets/img/samsung-odyssey-oled-g8-27-4k/image_samsung_5.webp
Samsung Odyssey OLED G8 (27″ 4K),samsung-odyssey-oled-g8-27-4k,image,C:\Users\Elvis SPH\Desktop\GF\Samsung Odyssey OLED G8 (27″ 4K)\images\image_samsung_6.webp,C:\Users\Elvis SPH\Desktop\gf-store\assets\img\samsung-odyssey-oled-g8-27-4k\image_samsung_6.webp,assets/img/samsung-odyssey-oled-g8-27-4k/image_samsung_6.webp
Samsung Odyssey OLED G8 (27″ 4K),samsung-odyssey-oled-g8-27-4k,image,C:\Users\Elvis SPH\Desktop\GF\Samsung Odyssey OLED G8 (27″ 4K)\images\image_samsung_7.webp,C:\Users\Elvis SPH\Desktop\gf-store\assets\img\samsung-odyssey-oled-g8-27-4k\image_samsung_7.webp,assets/img/samsung-odyssey-oled-g8-27-4k/image_samsung_7.webp
Samsung Odyssey OLED G8 (27″ 4K),samsung-odyssey-oled-g8-27-4k,image,C:\Users\Elvis SPH\Desktop\GF\Samsung Odyssey OLED G8 (27″ 4K)\images\image_samsung_8.webp,C:\Users\Elvis SPH\Desktop\gf-store\assets\img\samsung-odyssey-oled-g8-27-4k\image_samsung_8.webp,assets/img/samsung-odyssey-oled-g8-27-4k/image_samsung_8.webp
Samsung Odyssey OLED G8 (27″ 4K),samsung-odyssey-oled-g8-27-4k,image,C:\Users\Elvis SPH\Desktop\GF\Samsung Odyssey OLED G8 (27″ 4K)\images\image_samsung_9.webp,C:\Users\Elvis SPH\Desktop\gf-store\assets\img\samsung-odyssey-oled-g8-27-4k\image_samsung_9.webp,assets/img/samsung-odyssey-oled-g8-27-4k/image_samsung_9.webp
Samsung Smart Monitor M9 (M90SF),samsung-smart-monitor-m9-m90sf,image,C:\Users\Elvis SPH\Desktop\GF\Samsung Smart Monitor M9 (M90SF)\Images\image_samsung_11.webp,C:\Users\Elvis SPH\Desktop\gf-store\assets\img\samsung-smart-monitor-m9-m90sf\image_samsung_11.webp,assets/img/samsung-smart-monitor-m9-m90sf/image_samsung_11.webp
Samsung Smart Monitor M9 (M90SF),samsung-smart-monitor-m9-m90sf,image,C:\Users\Elvis SPH\Desktop\GF\Samsung Smart Monitor M9 (M90SF)\Images\image_samsung_12.webp,C:\Users\Elvis SPH\Desktop\gf-store\assets\img\samsung-smart-monitor-m9-m90sf\image_samsung_12.webp,assets/img/samsung-smart-monitor-m9-m90sf/image_samsung_12.webp
Samsung Smart Monitor M9 (M90SF),samsung-smart-monitor-m9-m90sf,image,C:\Users\Elvis SPH\Desktop\GF\Samsung Smart Monitor M9 (M90SF)\Images\image_samsung_13.webp,C:\Users\Elvis SPH\Desktop\gf-store\assets\img\samsung-smart-monitor-m9-m90sf\image_samsung_13.webp,assets/img/samsung-smart-monitor-m9-m90sf/image_samsung_13.webp
Samsung Smart Monitor M9 (M90SF),samsung-smart-monitor-m9-m90sf,image,C:\Users\Elvis SPH\Desktop\GF\Samsung Smart Monitor M9 (M90SF)\Images\image_samsung_14.webp,C:\Users\Elvis SPH\Desktop\gf-store\assets\img\samsung-smart-monitor-m9-m90sf\image_samsung_14.webp,assets/img/samsung-smart-monitor-m9-m90sf/image_samsung_14.webp
Samsung Smart Monitor M9 (M90SF),samsung-smart-monitor-m9-m90sf,image,C:\Users\Elvis SPH\Desktop\GF\Samsung Smart Monitor M9 (M90SF)\Images\image_samsung_15.webp,C:\Users\Elvis SPH\Desktop\gf-store\assets\img\samsung-smart-monitor-m9-m90sf\image_samsung_15.webp,assets/img/samsung-smart-monitor-m9-m90sf/image_samsung_15.webp
Samsung Smart Monitor M9 (M90SF),samsung-smart-monitor-m9-m90sf,image,C:\Users\Elvis SPH\Desktop\GF\Samsung Smart Monitor M9 (M90SF)\Images\image_samsung_16.webp,C:\Users\Elvis SPH\Desktop\gf-store\assets\img\samsung-smart-monitor-m9-m90sf\image_samsung_16.webp,assets/img/samsung-smart-monitor-m9-m90sf/image_samsung_16.webp
Samsung Smart Monitor M9 (M90SF),samsung-smart-monitor-m9-m90sf,image,C:\Users\Elvis SPH\Desktop\GF\Samsung Smart Monitor M9 (M90SF)\Images\image_samsung_17.webp,C:\Users\Elvis SPH\Desktop\gf-store\assets\img\samsung-smart-monitor-m9-m90sf\image_samsung_17.webp,assets/img/samsung-smart-monitor-m9-m90sf/image_samsung_17.webp
Samsung Smart Monitor M9 (M90SF),samsung-smart-monitor-m9-m90sf,image,C:\Users\Elvis SPH\Desktop\GF\Samsung Smart Monitor M9 (M90SF)\Images\image_samsung_18.webp,C:\Users\Elvis SPH\Desktop\gf-store\assets\img\samsung-smart-monitor-m9-m90sf\image_samsung_18.webp,assets/img/samsung-smart-monitor-m9-m90sf/image_samsung_18.webp
Samsung Smart Monitor M9 (M90SF),samsung-smart-monitor-m9-m90sf,image,C:\Users\Elvis SPH\Desktop\GF\Samsung Smart Monitor M9 (M90SF)\Images\image_samsung_19.webp,C:\Users\Elvis SPH\Desktop\gf-store\assets\img\samsung-smart-monitor-m9-m90sf\image_samsung_19.webp,assets/img/samsung-smart-monitor-m9-m90sf/image_samsung_19.webp
Samsung Smart Monitor M9 (M90SF),samsung-smart-monitor-m9-m90sf,video,C:\Users\Elvis SPH\Desktop\GF\Samsung Smart Monitor M9 (M90SF)\Vidéos\video_samsung-smart-monitor-m9-m90sf_1.mp4,C:\Users\Elvis SPH\Desktop\gf-store\assets\video\samsung-smart-monitor-m9-m90sf\video_samsung-smart-monitor-m9-m90sf_1.mp4,assets/video/samsung-smart-monitor-m9-m90sf/video_samsung-smart-monitor-m9-m90sf_1.mp4
Sony WH-1000XM5,sony-wh-1000xm5,video,C:\Users\Elvis SPH\Desktop\GF\Sony WH-1000XM5\Vidéos\video_sony-wh-1000xm5_1.mp4,C:\Users\Elvis SPH\Desktop\gf-store\assets\video\sony-wh-1000xm5\video_sony-wh-1000xm5_1.mp4,assets/video/sony-wh-1000xm5/video_sony-wh-1000xm5_1.mp4
XBOX SERIES X,xbox-series-x,image,C:\Users\Elvis SPH\Desktop\GF\XBOX SERIES X\Images\image_xbox_1.png,C:\Users\Elvis SPH\Desktop\gf-store\assets\img\xbox-series-x\image_xbox_1.png,assets/img/xbox-series-x/image_xbox_1.png
XBOX SERIES X,xbox-series-x,image,C:\Users\Elvis SPH\Desktop\GF\XBOX SERIES X\Images\image_xbox_2.png,C:\Users\Elvis SPH\Desktop\gf-store\assets\img\xbox-series-x\image_xbox_2.png,assets/img/xbox-series-x/image_xbox_2.png
XBOX SERIES X,xbox-series-x,image,C:\Users\Elvis SPH\Desktop\GF\XBOX SERIES X\Images\image_xbox_3.png,C:\Users\Elvis SPH\Desktop\gf-store\assets\img\xbox-series-x\image_xbox_3.png,assets/img/xbox-series-x/image_xbox_3.png
XBOX SERIES X,xbox-series-x,image,C:\Users\Elvis SPH\Desktop\GF\XBOX SERIES X\Images\image_xbox_4.png,C:\Users\Elvis SPH\Desktop\gf-store\assets\img\xbox-series-x\image_xbox_4.png,assets/img/xbox-series-x/image_xbox_4.png
XBOX SERIES X,xbox-series-x,image,C:\Users\Elvis SPH\Desktop\GF\XBOX SERIES X\Images\image_xbox_5.png,C:\Users\Elvis SPH\Desktop\gf-store\assets\img\xbox-series-x\image_xbox_5.png,assets/img/xbox-series-x/image_xbox_5.png
XBOX SERIES X,xbox-series-x,image,C:\Users\Elvis SPH\Desktop\GF\XBOX SERIES X\Images\image_xbox_6.jpg,C:\Users\Elvis SPH\Desktop\gf-store\assets\img\xbox-series-x\image_xbox_6.jpg,assets/img/xbox-series-x/image_xbox_6.jpg
XBOX SERIES X,xbox-series-x,image,C:\Users\Elvis SPH\Desktop\GF\XBOX SERIES X\Images\image_xbox_7.webp,C:\Users\Elvis SPH\Desktop\gf-store\assets\img\xbox-series-x\image_xbox_7.webp,assets/img/xbox-series-x/image_xbox_7.webp
